type,startTime,sportTime(s),maxPace(/meter),minPace(/meter),distance(m),avgPace(/meter),calories(kcal)
9,2023-01-22 14:49:53+0000,1279,4.7619047,0.12062726,4839.0,0.26426432,307.0
9,2023-01-22 13:03:33+0000,827,2.0790021,0.10320982,4652.0,0.17755333,276.0
9,2023-01-21 15:04:37+0000,9073,2.7027028,0.11214534,21974.0,0.41289303,988.0
9,2023-01-21 12:48:27+0000,926,1.0141988,0.09976057,4684.0,0.19765726,242.0
9,2022-11-27 14:26:40+0000,1210,1.098901,0.11606313,4879.0,0.24796,322.0
9,2022-11-27 12:47:30+0000,932,1.9267823,0.10165701,4718.0,0.19753459,252.0
9,2022-11-26 13:53:06+0000,1344,0.98135424,0.13417415,4835.0,0.27791598,337.0
9,2022-11-26 12:30:06+0000,1049,1.0845987,0.09672116,4705.0,0.22271618,236.0
9,2022-11-20 13:09:34+0000,1096,3.030303,0.11134618,4871.0,0.22498679,306.0
9,2022-11-20 11:11:49+0000,932,1.5151515,0.08823789,4728.0,0.1970909,239.0
9,2022-11-15 16:45:32+0000,1248,2.2222223,0.12704866,4856.0,0.25695023,313.0
9,2022-11-15 14:19:24+0000,3708,9.090909,0.09253262,4843.0,0.7653831,238.0
9,2022-11-13 14:26:42+0000,1168,3.6363635,0.113726825,4854.0,0.24040745,293.0
9,2022-11-13 12:53:36+0000,891,1.3531799,0.08727527,4647.0,0.19150113,241.0
9,2022-11-06 15:24:59+0000,1117,0.7824726,0.12096286,4793.0,0.23280764,321.0
9,2022-11-06 13:33:38+0000,931,7.0422535,0.083871506,4687.0,0.19840291,243.0
9,2022-09-11 15:37:23+0000,1285,1.1520737,0.11883541,4888.0,0.26264346,322.0
9,2022-09-11 13:44:43+0000,852,4.132231,0.09679605,4649.0,0.18325917,229.0
9,2022-09-01 01:19:39+0000,2110,5.0,0.0779241,7391.0,0.28546926,485.0
9,2022-08-31 10:45:22+0000,1705,1.310616,0.08799718,7271.0,0.23448527,450.0
9,2022-08-26 14:44:09+0000,2454,8.5470085,0.17244352,3010.0,0.81468874,213.0
9,2022-08-25 14:35:40+0000,2418,2.0408163,0.1774938,3015.0,0.8019654,213.0
9,2022-08-25 01:21:16+0000,1903,1.1641443,0.07534659,7476.0,0.25438654,487.0
9,2022-08-24 10:29:38+0000,1679,0.997009,0.07951022,7273.0,0.2308477,452.0
9,2022-08-21 13:41:12+0000,9220,2.2727273,0.124533005,5000.0,1.8436103,274.0
9,2022-08-21 12:19:17+0000,992,0.7092199,0.08557248,4676.0,0.21210533,209.0
9,2022-08-20 18:06:34+0000,1344,2.2371364,0.12687135,4847.0,0.27707577,317.0
9,2022-08-14 14:39:42+0000,1290,4.237288,0.095684625,4909.0,0.26273334,279.0
9,2022-08-14 13:08:07+0000,1009,1.5873016,0.08481764,4749.0,0.21243249,245.0
9,2022-08-13 18:47:44+0000,1363,4.5871563,0.10605579,4567.0,0.29844368,216.0
9,2022-08-13 16:17:42+0000,853,1.0204082,0.08719916,4660.0,0.18282141,237.0
9,2022-08-07 16:01:30+0000,1316,1.4430014,0.13511688,4896.0,0.2687812,318.0
9,2022-08-07 14:33:47+0000,1168,1.8832392,0.09215741,4802.0,0.24322905,247.0
9,2022-07-31 13:09:12+0000,8453,1.8552877,0.71428573,6384.0,1.323932,2.0
9,2022-07-31 11:12:53+0000,1043,1.4E-45,3.4028235E38,3465.0,0.30098218,0.0
9,2022-07-17 12:42:51+0000,1160,1.6025641,0.109998904,4854.0,0.23874685,297.0
9,2022-07-17 11:13:48+0000,742,1.6949153,0.09170105,4643.0,0.15958698,239.0
9,2022-07-16 12:05:21+0000,994,1.4E-45,3.4028235E38,3507.0,0.28313762,0.0
9,2022-07-16 10:40:20+0000,842,8.928571,0.18135655,3647.0,0.2308494,3.0
9,2022-07-09 13:31:40+0000,16699,3.448276,0.09753243,7006.0,2.383241,392.0
9,2022-07-09 11:36:12+0000,927,3.4843206,0.085280575,4718.0,0.19624105,240.0
9,2022-06-30 02:18:51+0000,2306,1.4513788,0.07033832,7373.0,0.3127427,491.0
9,2022-06-29 11:57:20+0000,1526,1.4E-45,3.4028235E38,4493.0,0.3393517,0.0
9,2022-06-26 16:47:50+0000,9010,4.878049,0.06011783,40558.0,0.22212559,2061.0
9,2022-06-25 16:00:50+0000,1266,1.9455253,0.10261673,4720.0,0.2679533,288.0
9,2022-06-25 13:33:00+0000,1302,1.9920319,0.07859782,5460.0,0.23825236,253.0
9,2022-06-25 00:53:20+0000,2425,1.2515644,0.070081994,7565.0,0.32041803,470.0
9,2022-06-03 10:38:29+0000,1885,1.6949153,0.0759763,7438.0,0.25328493,406.0
6,2022-06-01 23:08:21+0000,1881,2.43309,0.079687625,7377.0,0.25483215,457.0
9,2022-05-27 21:12:45+0000,2376,2.8985507,0.095156536,3703.0,0.6414735,231.0
9,2022-05-27 10:36:55+0000,18629,4.5454545,0.05292966,12005.0,1.5516694,581.0
9,2022-05-25 15:22:43+0000,629,0.79617834,0.13814063,2833.0,0.22195198,187.0
9,2022-05-24 14:44:29+0000,590,2.145923,0.12846865,2787.0,0.21127138,182.0
9,2022-05-21 16:05:54+0000,1096,1.1223345,0.09593247,4860.0,0.2252652,293.0
9,2022-05-21 14:23:09+0000,1457,1.2658228,0.09285051,5435.0,0.26786685,282.0
9,2022-05-15 13:50:30+0000,1208,3.2258065,0.0944287,4870.0,0.247814,276.0
9,2022-05-15 12:09:58+0000,2928,2.5,0.089855336,7915.0,0.36989143,442.0
9,2022-05-14 12:12:39+0000,1606,1.8903593,0.10039152,5182.0,0.30972302,319.0
9,2022-05-14 10:39:10+0000,950,2.65252,0.08566778,5332.0,0.1779594,270.0
9,2022-05-07 15:01:20+0000,14250,1.4992504,0.078027464,22275.0,0.6397191,1378.0
9,2021-11-13 14:39:34+0000,12458,3.846154,0.07616726,30631.0,0.40670478,1942.0
9,2021-11-10 17:01:21+0000,10062,4.166667,0.07773632,10002.0,1.0059776,646.0
9,2021-10-30 15:17:25+0000,7898,6.4935064,0.074610166,25429.0,0.31058845,1694.0
9,2021-10-02 00:07:23+0000,2730,9.708738,0.110363096,9235.0,0.29560825,56.0
9,2021-09-21 13:08:53+0000,1211,1.4E-45,3.4028235E38,2963.0,0.40824157,0.0
9,2021-09-06 11:42:50+0000,1247,1.1600928,0.06900359,3544.0,0.35154772,200.0
9,2021-09-05 11:12:43+0000,11204,2.631579,0.05712001,41368.0,0.27081162,2429.0
9,2021-08-25 11:14:53+0000,1813,2.8735633,0.10372368,7545.0,0.24027823,491.0
9,2021-08-24 23:57:48+0000,1954,0.6793478,0.07256367,10496.0,0.18616298,624.0
9,2021-08-23 15:03:30+0000,965,1.1198208,0.064466216,3452.0,0.2794974,191.0
9,2021-08-22 21:40:31+0000,43790,3.030303,0.074704915,10026.0,4.3674703,659.0
9,2021-08-16 19:36:02+0000,1406,1.4204545,0.074493445,3473.0,0.40452996,225.0
9,2021-08-15 14:24:58+0000,6878,2.0833335,0.07342144,24302.0,0.2830127,1471.0
9,2021-08-14 14:30:41+0000,1424,1.4084507,0.075987846,3448.0,0.4126433,226.0
9,2021-08-14 12:49:55+0000,2712,0.9140768,0.08760403,3501.0,0.7741747,200.0
9,2021-08-11 15:31:25+0000,13055,2.7700832,0.089221984,12011.0,1.0868226,766.0
9,2021-08-09 17:54:02+0000,5618,3.1948884,0.07797271,24123.0,0.23284356,1490.0
9,2021-07-05 19:35:22+0000,2790,1.4E-45,3.4028235E38,8534.0,0.3269116,250.0
9,2021-07-05 16:29:27+0000,4684,1.098901,0.29585797,5644.0,0.8296067,157.0
8,2021-06-03 21:36:47+0000,2385,1.7580326,0.5670053,375.0,6.351,13.0
16,2021-06-03 20:55:16+0000,2289,0.0,1.8000001,0.0,0.0,84.0
9,2021-06-01 17:05:11+0000,857,1.1990408,0.09377345,3334.0,0.2570009,199.0
9,2021-06-01 15:42:05+0000,771,8.264462,0.077339515,3482.0,0.22110848,196.0
9,2021-05-28 18:08:42+0000,1206,1.098901,0.08616976,3537.0,0.34094298,224.0
9,2021-05-28 16:38:50+0000,937,7.7519383,0.058088876,3414.0,0.2741222,185.0
9,2021-05-25 17:08:21+0000,966,0.7739938,0.07380619,3479.0,0.27732617,210.0
9,2021-05-25 15:44:01+0000,946,8.62069,0.07988497,3521.0,0.26834548,196.0
9,2021-05-20 15:38:37+0000,975,0.8673027,0.06680473,3464.0,0.2811059,200.0
9,2021-05-08 15:37:17+0000,2766,2.2222223,0.08194706,11098.0,0.24912305,252.0
9,2021-05-07 23:26:48+0000,2134,2.857143,0.08069071,10525.0,0.20275469,238.0
9,2021-04-25 01:51:43+0000,988,1.5649452,0.106428266,5488.0,0.18002877,109.0
9,2021-04-24 23:16:35+0000,1914,3.8022811,0.065462165,10501.0,0.18217103,217.0
9,2021-04-21 22:17:04+0000,1934,0.76687115,0.06418073,8860.0,0.21814871,167.0
9,2021-04-21 17:17:48+0000,2279,1.7123288,0.077531405,11988.0,0.19009873,213.0
9,2021-04-18 17:40:24+0000,1934,2.8490028,0.06325111,8848.0,0.21846513,196.0
9,2021-04-18 14:40:46+0000,3713,3.846154,0.09876543,10324.0,0.35964218,236.0
9,2021-04-18 13:31:53+0000,1664,6.4102564,0.057240985,9648.0,0.1723601,179.0
9,2021-04-11 17:49:43+0000,2901,1.5873016,0.11224604,7478.0,0.38777202,509.0
9,2021-04-10 19:18:54+0000,1972,0.85397094,0.064482845,10513.0,0.18747734,610.0
9,2021-04-04 15:06:34+0000,3473,2.3310025,0.07691125,11260.0,0.30841,343.0
9,2021-04-03 22:09:14+0000,2413,3.2467532,0.087458454,11265.0,0.21409859,243.0
9,2021-03-30 15:13:23+0000,2371,2.1505377,0.07133176,10308.0,0.2299094,239.0
9,2021-03-30 11:47:50+0000,4425,1.4705882,0.078339204,15533.0,0.28486064,446.0
9,2021-03-29 23:25:38+0000,1988,2.0833335,0.09769441,9360.0,0.21227244,224.0
9,2021-03-29 19:41:26+0000,2382,1.1061947,0.12695189,7687.0,0.30972967,469.0
9,2021-03-29 18:15:19+0000,2145,6.802721,0.0700133,10252.0,0.20922747,229.0
9,2021-03-25 12:53:56+0000,3468,9.174313,0.067567565,15307.0,0.22648533,405.0
9,2021-03-23 11:11:09+0000,8875,1.3812156,0.06671114,34553.0,0.2568451,1236.0
9,2021-03-22 16:36:28+0000,6592,8.62069,0.07073636,26944.0,0.24461684,656.0
9,2021-03-22 15:30:41+0000,1667,1.2820513,0.15339775,3015.0,0.55245745,179.0
9,2021-03-22 14:57:12+0000,303,0.40650406,0.16116035,891.0,0.33882302,28.0
9,2021-03-21 21:01:00+0000,401,0.4918839,0.13508038,1775.0,0.22591549,50.0
9,2021-03-21 15:06:43+0000,4052,3.030303,0.06023371,19272.0,0.2101911,567.0
9,2021-03-18 13:07:57+0000,1230,4.950495,0.06815703,4303.0,0.2855741,94.0
9,2021-03-18 12:21:08+0000,1477,2.8735633,0.06311936,5469.0,0.2700355,104.0
9,2021-03-15 14:37:39+0000,7156,2.3809524,0.07026419,28246.0,0.25334477,1362.0
9,2021-03-13 21:25:20+0000,2647,1.345895,0.065737575,9729.0,0.2720595,612.0
9,2021-03-12 19:38:16+0000,3721,7.142857,0.10638298,15238.0,0.24412036,284.0
9,2021-03-12 15:34:35+0000,1849,1.0,0.073480785,11009.0,0.16795349,173.0
9,2021-03-12 15:18:45+0000,571,0.34141347,0.16583747,724.0,0.78823245,29.0
9,2021-03-04 12:20:18+0000,1052,1.9531249,0.07719623,3483.0,0.30172747,90.0
16,2021-03-04 11:01:59+0000,4424,0.0,1.8000001,0.0,0.0,253.0
9,2021-03-04 10:40:31+0000,752,1.5082957,0.0696088,3476.0,0.21600966,123.0
9,2021-03-03 12:18:32+0000,951,0.7518797,0.13861935,3301.0,0.28773117,136.0
16,2021-03-03 11:08:48+0000,3833,0.0,1.8000001,0.0,0.0,248.0
9,2021-03-03 10:48:12+0000,699,0.7911392,0.07345919,3441.0,0.20279257,77.0
9,2021-03-03 10:40:20+0000,248,0.5793743,0.20354162,210.0,1.1794758,25.0
9,2021-03-02 12:30:42+0000,944,0.7564296,0.07027901,3468.0,0.27183986,227.0
9,2021-03-02 10:40:32+0000,763,1.5128592,0.06775068,3483.0,0.2190222,194.0
9,2021-03-01 21:33:08+0000,2248,2.5445292,0.07447125,10704.0,0.20999692,266.0
9,2021-03-01 14:16:07+0000,8502,3.4965034,0.06533812,25316.0,0.33578363,786.0
9,2021-02-26 12:02:29+0000,931,0.91074675,0.09414423,3432.0,0.27090037,83.0
16,2021-02-26 10:49:41+0000,4147,0.0,1.8000001,0.0,0.0,181.0
9,2021-02-26 10:31:38+0000,744,3.2467532,0.079655886,3435.0,0.21654712,89.0
9,2021-02-25 12:25:54+0000,859,0.7122507,0.07155123,3405.0,0.25226694,104.0
16,2021-02-25 11:11:11+0000,4234,0.0,1.8000001,0.0,0.0,234.0
9,2021-02-25 10:52:38+0000,707,0.88495576,0.063783646,3439.0,0.20526795,66.0
9,2021-02-23 12:17:02+0000,4486,2.0325203,0.06984703,18625.0,0.24085873,575.0
9,2021-02-23 11:54:38+0000,634,0.6775068,0.11107408,3278.0,0.19336322,81.0
16,2021-02-23 10:51:38+0000,3543,0.0,1.8000001,0.0,0.0,198.0
9,2021-02-23 10:34:08+0000,719,2.0703933,0.06305568,3423.0,0.20971271,106.0
9,2021-02-22 12:22:27+0000,1098,3.030303,0.06702862,3429.0,0.32016888,216.0
16,2021-02-22 11:09:37+0000,4000,0.0,1.8000001,0.0,0.0,181.0
9,2021-02-22 10:50:35+0000,729,0.7968128,0.087100424,3432.0,0.21207342,188.0
9,2021-02-21 14:42:33+0000,1631,5.0,0.06870491,6576.0,0.24783921,207.0
9,2021-02-21 12:50:47+0000,1283,8.264462,0.0585343,6599.0,0.19440086,182.0
9,2021-02-19 12:21:23+0000,937,1.9267823,0.0675767,3406.0,0.275043,82.0
16,2021-02-19 10:56:21+0000,4881,0.0,1.8000001,0.0,0.0,260.0
9,2021-02-19 10:35:41+0000,688,0.97181726,0.061508182,3489.0,0.1968962,62.0
9,2021-02-18 12:18:24+0000,1065,0.8250825,0.085418984,3468.0,0.30671865,227.0
9,2021-02-18 10:42:05+0000,849,1.044932,0.06248048,3593.0,0.23597167,195.0
9,2021-02-17 12:21:15+0000,1340,2.0833335,0.08007046,4662.0,0.2873858,98.0
16,2021-02-17 11:29:48+0000,2782,0.0,1.8000001,0.0,0.0,133.0
9,2021-02-17 10:41:42+0000,769,1.0799136,0.08140008,3462.0,0.22209224,85.0
9,2021-02-16 12:32:53+0000,978,0.85470086,0.07628347,3458.0,0.28245747,106.0
16,2021-02-16 11:16:39+0000,4346,0.0,1.8000001,0.0,0.0,208.0
9,2021-02-16 10:58:25+0000,666,0.748503,0.061572567,3458.0,0.19228627,117.0
9,2021-02-14 14:51:24+0000,1247,0.998004,0.071802974,3474.0,0.35889992,215.0
9,2021-02-14 13:01:37+0000,780,1.5625,0.0631353,3929.0,0.19825603,192.0
9,2021-02-14 00:23:18+0000,2158,0.5271481,0.22563176,209.0,10.272816,11.0
9,2021-02-13 23:03:43+0000,4730,7.4074073,0.066269055,17034.0,0.27767035,501.0
9,2021-02-13 15:42:37+0000,851,0.8532423,0.079503894,3431.0,0.2476971,135.0
16,2021-02-13 14:32:45+0000,3925,0.0,1.8000001,0.0,0.0,244.0
9,2021-02-13 14:10:39+0000,747,1.1049724,0.06403688,3442.0,0.21701188,85.0
9,2021-02-12 12:09:46+0000,998,0.698324,0.09401147,3510.0,0.28396574,84.0
16,2021-02-12 10:58:52+0000,4026,0.0,1.8000001,0.0,0.0,239.0
9,2021-02-12 10:38:40+0000,778,1.633987,0.07502438,3451.0,0.22514676,77.0
9,2021-02-12 10:33:37+0000,288,0.6849315,0.14156285,534.0,0.5385325,30.0
9,2021-02-11 12:03:48+0000,962,1.4104372,0.06515083,3556.0,0.27023238,116.0
16,2021-02-11 10:54:14+0000,3948,0.0,1.8000001,0.0,0.0,203.0
9,2021-02-11 10:33:40+0000,803,0.94966763,0.09491268,3529.0,0.227221,80.0
9,2021-02-06 13:49:08+0000,957,1.0060362,0.06416838,3482.0,0.27453575,71.0
16,2021-02-06 12:39:22+0000,3593,0.0,1.8000001,0.0,0.0,178.0
9,2021-02-06 12:02:12+0000,1699,4.6296296,0.11830119,7098.0,0.23935512,165.0
9,2021-02-05 23:45:24+0000,2072,1.5337423,0.06626027,10511.0,0.19702017,242.0
9,2021-02-05 12:06:49+0000,974,0.9066183,0.06933851,3413.0,0.285036,62.0
16,2021-02-05 10:56:14+0000,3957,0.0,1.8000001,0.0,0.0,213.0
9,2021-02-05 10:32:05+0000,761,0.9407338,0.0685777,3458.0,0.21975298,87.0
9,2021-02-04 23:27:54+0000,2322,2.6385224,0.06801796,10740.0,0.21618174,348.0
9,2021-02-04 19:47:21+0000,772,0.46382192,0.113739766,3968.0,0.19453898,93.0
9,2021-02-04 17:32:37+0000,1319,1.1778563,0.060782883,6685.0,0.19713527,186.0
9,2021-02-04 12:05:11+0000,965,0.82304525,0.070997514,3406.0,0.283315,83.0
16,2021-02-04 11:17:59+0000,2521,0.0,1.8000001,0.0,0.0,120.0
9,2021-02-04 10:34:35+0000,705,4.6511626,0.0655351,3436.0,0.20514274,97.0
9,2021-02-03 11:59:27+0000,932,1.0741138,0.071648635,3564.0,0.2611848,52.0
16,2021-02-03 10:52:30+0000,3780,0.0,1.8000001,0.0,0.0,215.0
9,2021-02-03 10:32:30+0000,734,4.0,0.062774636,3456.0,0.21208411,60.0
9,2021-02-02 12:59:03+0000,989,0.80128205,0.07273785,3428.0,0.28847948,102.0
16,2021-02-02 11:52:32+0000,3788,0.0,1.8000001,0.0,0.0,182.0
9,2021-02-02 11:26:42+0000,719,1.312336,0.081839755,3464.0,0.20755884,101.0
9,2021-01-30 15:13:49+0000,4010,2.857143,0.14224751,8223.0,0.4875219,397.0
9,2021-01-30 14:23:51+0000,2393,2.857143,0.15403573,7546.0,0.31697422,295.0
9,2021-01-30 14:09:16+0000,524,1.1764705,0.18942982,419.0,1.2455337,35.0
9,2021-01-30 13:04:24+0000,1995,4.7393365,0.055002477,10728.0,0.18594599,248.0
9,2021-01-29 12:52:17+0000,960,0.74515647,0.067367285,3416.0,0.28099087,100.0
16,2021-01-29 11:38:22+0000,4164,0.0,1.8000001,0.0,0.0,285.0
9,2021-01-29 11:18:43+0000,788,0.8756568,0.07201498,3478.0,0.2265539,114.0
9,2021-01-29 00:12:20+0000,2266,1.55521,0.06895125,10765.0,0.21038634,277.0
9,2021-01-28 19:37:11+0000,1814,1.8761727,0.05466273,10016.0,0.18100995,198.0
9,2021-01-27 12:19:34+0000,919,0.92764384,0.08618461,3256.0,0.2819258,52.0
16,2021-01-27 11:06:30+0000,4079,0.0,1.8000001,0.0,0.0,221.0
9,2021-01-27 10:47:07+0000,784,9.708738,0.06619886,3464.0,0.22598971,54.0
9,2021-01-26 12:17:19+0000,1156,0.7751938,0.06694785,3350.0,0.3450536,105.0
16,2021-01-26 11:07:15+0000,3901,0.0,1.8000001,0.0,0.0,222.0
9,2021-01-26 10:48:45+0000,759,0.7429421,0.076781325,3463.0,0.21912888,83.0
9,2021-01-25 21:36:56+0000,2301,0.84745765,0.07100256,10600.0,0.21706493,240.0
9,2021-01-25 15:30:03+0000,3157,0.99601597,0.15073863,8948.0,0.35268116,287.0
9,2021-01-25 14:32:16+0000,1380,0.74515647,0.100765824,6500.0,0.21213076,145.0
16,2021-01-25 13:19:53+0000,3695,0.0,1.8000001,0.0,0.0,198.0
9,2021-01-25 12:58:52+0000,718,8.849558,0.05548158,3444.0,0.20846404,86.0
9,2021-01-23 14:08:15+0000,2818,3.3444817,0.074239045,11132.0,0.25303277,244.0
9,2021-01-23 12:54:46+0000,1882,0.7651109,0.06454111,9940.0,0.18921982,192.0
9,2021-01-12 11:34:58+0000,1177,3.3444817,0.081413336,2325.0,0.5058034,90.0
16,2021-01-12 10:28:38+0000,3667,0.0,1.8000001,0.0,0.0,158.0
9,2021-01-12 10:02:32+0000,972,1.552795,0.06697924,3481.0,0.278863,58.0
9,2021-01-11 19:41:07+0000,1698,0.952381,0.09347542,6536.0,0.25963265,156.0
9,2021-01-11 15:56:11+0000,2145,1.4513788,0.066997185,10836.0,0.19785763,314.0
9,2021-01-11 11:29:50+0000,948,0.8403361,0.07197351,3450.0,0.27445316,95.0
16,2021-01-11 10:22:38+0000,3792,0.0,1.8000001,0.0,0.0,216.0
9,2021-01-11 10:02:42+0000,758,0.9643202,0.061534677,3473.0,0.21820165,95.0
9,2021-01-09 00:25:03+0000,2357,2.3094687,0.07433839,10695.0,0.22027981,298.0
9,2021-01-08 19:55:10+0000,2425,1.7482517,0.08267879,11016.0,0.22002906,243.0
9,2021-01-08 12:08:39+0000,1013,0.78431374,0.078339204,3528.0,0.28680763,91.0
16,2021-01-08 10:59:12+0000,3935,0.0,1.8000001,0.0,0.0,189.0
9,2021-01-08 10:39:35+0000,709,1.9920319,0.06447869,3446.0,0.20543744,73.0
9,2021-01-07 12:42:48+0000,964,1.5797788,0.07443245,3456.0,0.27889943,93.0
16,2021-01-07 11:32:36+0000,3921,0.0,1.8000001,0.0,0.0,240.0
9,2021-01-07 11:11:45+0000,763,0.73909825,0.07531822,3456.0,0.22074045,71.0
9,2021-01-06 19:12:24+0000,1589,1.3157895,0.081004456,6612.0,0.2401471,140.0
9,2021-01-06 17:41:47+0000,2457,3.846154,0.13892747,5702.0,0.43068334,299.0
9,2021-01-06 15:53:00+0000,1271,1.0416667,0.083243154,6398.0,0.19847095,178.0
9,2021-01-06 13:23:51+0000,732,0.6798097,0.09200478,4097.0,0.17841798,101.0
9,2021-01-06 12:13:01+0000,924,0.97087383,0.07184424,3450.0,0.26752627,78.0
16,2021-01-06 10:57:50+0000,4032,0.0,1.8000001,0.0,0.0,199.0
9,2021-01-06 10:39:50+0000,691,1.0351967,0.060277276,3446.0,0.20021026,90.0
9,2021-01-05 14:38:18+0000,2419,1.0964912,0.07159221,10313.0,0.23445521,229.0
9,2021-01-05 12:42:52+0000,1504,0.7401925,0.105064094,7430.0,0.20240411,155.0
16,2021-01-05 11:30:58+0000,3786,0.0,1.8000001,0.0,0.0,242.0
9,2021-01-05 11:12:16+0000,689,2.9498527,0.06086057,3431.0,0.20048991,69.0
16,2020-12-31 10:21:17+0000,3600,0.0,1.8000001,0.0,0.0,209.0
9,2020-12-30 21:40:49+0000,2481,8.62069,0.080638655,10576.0,0.23458692,197.0
9,2020-12-30 18:23:19+0000,2103,1.5384616,0.064708166,10748.0,0.19556104,254.0
9,2020-12-30 13:38:48+0000,1047,2.0920503,0.06801333,3588.0,0.29175356,86.0
16,2020-12-30 12:21:46+0000,4270,0.0,1.8000001,0.0,0.0,227.0
9,2020-12-30 12:00:55+0000,801,1.459854,0.059573457,3591.0,0.22273846,78.0
9,2020-12-30 02:22:12+0000,2301,1.1494253,0.06972042,10777.0,0.21350867,326.0
9,2020-12-29 19:26:36+0000,2035,1.9011406,0.055254724,10242.0,0.1986821,237.0
9,2020-12-29 12:42:15+0000,1020,0.83892614,0.06906554,3485.0,0.2923931,67.0
16,2020-12-29 11:31:54+0000,3947,0.0,1.8000001,0.0,0.0,211.0
9,2020-12-29 11:12:37+0000,740,0.9606148,0.05663797,3497.0,0.21126993,83.0
9,2020-12-28 12:11:15+0000,888,0.76045626,0.06748094,3389.0,0.26198757,83.0
16,2020-12-28 10:58:29+0000,3870,0.0,1.8000001,0.0,0.0,209.0
9,2020-12-28 10:37:44+0000,807,0.8305648,0.07727378,3448.0,0.2337023,95.0
9,2020-12-26 11:25:42+0000,7870,2.6595745,0.064156026,23093.0,0.34074548,503.0
9,2020-12-24 14:41:56+0000,929,0.6844627,0.06447869,3395.0,0.27363232,77.0
16,2020-12-24 13:08:12+0000,4497,0.0,1.8000001,0.0,0.0,235.0
9,2020-12-24 12:47:33+0000,805,0.77101,0.0814664,3461.0,0.23227948,67.0
9,2020-12-24 01:07:28+0000,2390,2.5641026,0.07652866,10718.0,0.22289096,182.0
9,2020-12-23 21:50:36+0000,1726,1.6666666,0.109015584,7610.0,0.22666635,130.0
16,2020-12-23 20:46:16+0000,3593,0.0,1.8000001,0.0,0.0,213.0
9,2020-12-23 20:26:36+0000,756,1.3003901,0.06471235,3476.0,0.21743675,69.0
9,2020-12-19 16:25:00+0000,986,0.805153,0.068455644,3462.0,0.28444684,86.0
16,2020-12-19 15:16:47+0000,3529,0.0,1.8000001,0.0,0.0,151.0
9,2020-12-19 14:53:43+0000,741,1.3642565,0.059605412,3443.0,0.21487117,110.0
9,2020-12-19 02:02:21+0000,2281,1.4306152,0.069357745,10610.0,0.21487872,226.0
9,2020-12-18 21:08:33+0000,3439,3.030303,0.10986596,8010.0,0.42916578,426.0
16,2020-12-18 19:54:41+0000,3430,0.0,1.8000001,0.0,0.0,225.0
9,2020-12-18 19:33:49+0000,691,1.0277492,0.07289692,3547.0,0.19450143,58.0
9,2020-12-15 12:07:09+0000,950,0.9293681,0.07261109,3433.0,0.27640578,82.0
16,2020-12-15 10:55:26+0000,4004,0.0,1.8000001,0.0,0.0,203.0
9,2020-12-15 10:29:46+0000,720,1.1025358,0.056847252,3456.0,0.20833331,50.0
9,2020-12-14 12:17:49+0000,968,2.7777777,0.07110859,3613.0,0.26761296,135.0
16,2020-12-14 11:07:19+0000,4017,0.0,1.8000001,0.0,0.0,252.0
9,2020-12-14 10:51:10+0000,667,1.1312218,0.07840677,3439.0,0.19391136,67.0
9,2020-12-12 13:41:09+0000,941,1.4925373,0.070497,3408.0,0.27576008,60.0
16,2020-12-12 12:33:55+0000,3883,0.0,1.8000001,0.0,0.0,200.0
9,2020-12-12 12:15:57+0000,658,0.8635579,0.059837244,3526.0,0.18630932,78.0
9,2020-12-11 23:52:52+0000,2292,1.0638298,0.07269026,10805.0,0.2120269,236.0
9,2020-12-11 20:37:49+0000,1186,1.4E-45,3.4028235E38,1051.0,1.1284491,1.0
9,2020-12-11 19:56:19+0000,1231,3.7313433,0.06125199,6760.0,0.1821006,88.0
9,2020-12-11 12:18:11+0000,1208,0.6289308,0.1675884,3460.0,0.34912774,76.0
16,2020-12-11 11:11:20+0000,4106,0.0,1.8000001,0.0,0.0,266.0
9,2020-12-11 10:52:15+0000,724,0.47460842,0.15455951,124.0,5.8010244,65.0
16,2020-12-09 12:57:08+0000,3918,0.0,1.8000001,0.0,0.0,193.0
9,2020-12-08 13:03:29+0000,1186,0.5561735,0.14046916,5341.0,0.2218426,87.0
16,2020-12-08 11:49:03+0000,3539,0.0,1.8000001,0.0,0.0,183.0
9,2020-12-08 11:27:50+0000,787,0.43365136,0.18677624,3476.0,0.22608991,57.0
9,2020-12-06 01:35:04+0000,2562,1.4E-45,3.4028235E38,11646.0,0.21997656,356.0
9,2020-12-05 20:55:51+0000,1657,0.49776006,0.17519271,7823.0,0.21181132,126.0
16,2020-12-05 19:51:40+0000,3764,0.0,1.8000001,0.0,0.0,174.0
9,2020-12-05 19:34:03+0000,758,0.25627884,0.076057196,3497.0,0.21673784,59.0
9,2020-12-04 12:04:40+0000,1265,1.2180269,0.121713735,4529.0,0.27908567,73.0
16,2020-12-04 10:59:56+0000,3942,0.0,1.8000001,0.0,0.0,249.0
9,2020-12-04 10:40:22+0000,814,1.4084507,0.232396,71.0,11.389758,39.0
9,2020-12-01 12:22:05+0000,1071,0.85470086,0.06842753,3509.0,0.30520862,91.0
16,2020-12-01 11:13:14+0000,3700,0.0,1.8000001,0.0,0.0,232.0
9,2020-12-01 10:53:43+0000,815,1.3986014,0.06831068,3401.0,0.23930106,78.0
9,2020-11-30 13:29:56+0000,1029,4.7393365,0.06652032,3471.0,0.2961101,66.0
16,2020-11-30 12:22:30+0000,3663,0.0,1.8000001,0.0,0.0,212.0
9,2020-11-29 13:08:42+0000,2883,1.4084507,0.06595871,11627.0,0.24786992,340.0
9,2020-11-28 22:47:08+0000,3024,1.2820513,0.06221614,11097.0,0.27239743,333.0
9,2020-11-28 14:06:12+0000,1014,1.2048193,0.06627344,3419.0,0.29654503,76.0
16,2020-11-28 12:50:01+0000,4210,0.0,1.8000001,0.0,0.0,208.0
9,2020-11-28 12:28:07+0000,700,9.90099,0.0591471,3525.0,0.19855273,41.0
9,2020-11-27 23:11:46+0000,2796,8.62069,0.0695749,9001.0,0.31060067,406.0
9,2020-11-26 13:25:18+0000,1144,0.88809943,0.078678206,3580.0,0.3195496,75.0
16,2020-11-26 12:17:52+0000,3807,0.0,1.8000001,0.0,0.0,213.0
9,2020-11-26 11:58:25+0000,689,1.2722646,0.07133686,3443.0,0.20009118,62.0
9,2020-11-25 14:40:40+0000,1055,1.1614401,0.1839588,3348.0,0.3147658,43.0
16,2020-11-25 13:35:55+0000,3662,0.0,1.8000001,0.0,0.0,170.0
9,2020-11-25 13:15:51+0000,920,8.196721,0.052162122,3778.0,0.24323264,60.0
8,2020-11-22 16:57:54+0000,10265,1.6593585,0.71264064,164.0,62.271,6.0
9,2020-11-18 17:30:31+0000,1015,1.4104372,0.19681166,3376.0,0.3002784,70.0
16,2020-11-18 16:24:20+0000,3605,0.0,1.8000001,0.0,0.0,132.0
9,2020-11-18 16:06:36+0000,731,0.37495312,0.055775557,4352.0,0.16773498,59.0
9,2020-11-17 17:37:32+0000,710,0.73313785,0.19860974,2573.0,0.27553523,66.0
9,2020-11-17 17:24:06+0000,450,0.5854801,0.2840909,1071.0,0.42002583,24.0
16,2020-11-17 16:21:37+0000,3499,0.0,1.8000001,0.0,0.0,135.0
9,2020-11-17 16:02:59+0000,846,3.0395138,0.072327495,1439.0,0.58760774,49.0
9,2020-11-16 17:33:17+0000,1235,0.5652911,0.3984064,1639.0,0.7530948,103.0
16,2020-11-16 16:26:54+0000,3671,0.0,1.8000001,0.0,0.0,168.0
9,2020-11-16 16:07:34+0000,859,0.77881616,0.13368984,3233.0,0.26563612,69.0
9,2020-11-13 12:07:28+0000,1259,1.8518518,0.06965243,3530.0,0.3565599,113.0
16,2020-11-13 11:03:36+0000,3628,0.0,1.8000001,0.0,0.0,198.0
9,2020-11-13 10:39:00+0000,938,0.9345794,0.070062354,3489.0,0.26850504,97.0
9,2020-11-12 17:33:32+0000,1130,1.6666666,0.06676904,3483.0,0.32408616,110.0
16,2020-11-12 17:07:58+0000,1316,0.0,1.8000001,0.0,0.0,52.0
16,2020-11-12 16:30:50+0000,2164,0.0,1.8000001,0.0,0.0,86.0
9,2020-11-12 16:10:42+0000,733,0.83263946,0.07092702,3459.0,0.21161954,68.0
9,2020-11-11 12:09:58+0000,1426,0.6234414,0.1650165,3654.0,0.39023724,112.0
16,2020-11-11 11:03:20+0000,3743,0.0,1.8000001,0.0,0.0,250.0
9,2020-11-11 10:43:43+0000,966,0.7347539,0.07386615,255.0,3.783607,91.0
9,2020-11-10 17:15:05+0000,3173,4.347826,0.06811989,11823.0,0.2683696,347.0
9,2020-11-10 12:39:21+0000,1858,1.2515644,0.109986804,7321.0,0.2536448,205.0
16,2020-11-10 11:33:27+0000,3621,0.0,1.8000001,0.0,0.0,217.0
9,2020-11-10 11:15:25+0000,702,7.0921984,0.06303183,3426.0,0.20459959,60.0
9,2020-11-09 11:52:12+0000,1175,4.424779,0.07237985,3398.0,0.3457562,161.0
16,2020-11-09 10:47:27+0000,3632,0.0,1.8000001,0.0,0.0,229.0
9,2020-11-09 10:29:12+0000,891,1.1261262,0.08234519,3188.0,0.27909604,118.0
9,2020-11-06 21:52:43+0000,2779,1.650165,0.07877737,10379.0,0.26764983,304.0
9,2020-11-06 19:24:21+0000,2010,1.1792454,0.05826487,8909.0,0.22548519,178.0
9,2020-11-05 17:31:07+0000,1209,1.5384616,0.06784721,3417.0,0.35351968,219.0
9,2020-11-04 20:22:29+0000,1319,2.2222223,0.12189175,4431.0,0.29767504,162.0
16,2020-11-04 19:04:08+0000,3236,0.0,1.8000001,0.0,0.0,182.0
9,2020-11-04 18:23:40+0000,894,0.74515647,0.08304958,4719.0,0.18941456,163.0
9,2020-11-03 20:32:39+0000,1152,2.2573364,0.068653025,3439.0,0.3346408,73.0
16,2020-11-03 19:24:02+0000,5234,0.0,1.8000001,0.0,0.0,284.0
9,2020-11-03 19:06:51+0000,880,0.952381,0.06294851,3514.0,0.25009927,86.0
9,2020-11-02 17:14:57+0000,1062,2.8735633,0.06765442,3436.0,0.30906403,73.0
16,2020-11-02 16:20:56+0000,4289,0.0,1.8000001,0.0,0.0,262.0
9,2020-11-02 16:01:07+0000,736,1.1363636,0.058851223,3536.0,0.20814125,63.0
9,2020-10-28 00:03:44+0000,898,0.9469697,0.070501976,3449.0,0.2600312,126.0
16,2020-10-27 22:57:55+0000,3878,0.0,1.8000001,0.0,0.0,158.0
9,2020-10-27 22:37:43+0000,797,1.1904762,0.055484656,3531.0,0.2253993,81.0
9,2020-10-26 23:03:25+0000,987,1.6393442,0.0706564,3429.0,0.28753227,117.0
16,2020-10-26 21:56:02+0000,3736,0.0,1.8000001,0.0,0.0,243.0
9,2020-10-26 21:38:19+0000,1019,1.6949153,0.0654279,3563.0,0.28570747,134.0
9,2020-10-23 23:01:51+0000,1056,8.403361,0.0697788,3422.0,0.30856284,99.0
16,2020-10-23 21:57:12+0000,3853,0.0,1.8000001,0.0,0.0,184.0
9,2020-10-23 21:40:58+0000,937,1.0245901,0.07591285,3400.0,0.2752306,111.0
9,2020-10-22 23:01:57+0000,1042,0.94428706,0.07227522,3472.0,0.30003592,91.0
16,2020-10-22 21:56:09+0000,3644,0.0,1.8000001,0.0,0.0,173.0
9,2020-10-22 21:35:18+0000,736,5.0,0.057623602,3412.0,0.2157016,86.0
16,2020-10-01 22:00:43+0000,3613,0.0,1.8000001,0.0,0.0,242.0
9,2020-09-30 23:05:46+0000,989,0.89445436,0.069056004,3387.0,0.29192123,144.0
16,2020-09-30 22:08:13+0000,3344,0.0,1.8000001,0.0,0.0,282.0
9,2020-09-30 21:41:51+0000,734,1.4367816,0.05878204,3446.0,0.21295005,86.0
9,2020-09-29 23:36:00+0000,955,0.63171196,0.06986167,3430.0,0.2780643,162.0
16,2020-09-29 22:33:17+0000,3470,0.0,1.8000001,0.0,0.0,204.0
9,2020-09-29 22:11:15+0000,849,5.263158,0.06257039,3564.0,0.23816061,149.0
16,2020-09-28 22:02:22+0000,4598,0.0,1.8000001,0.0,0.0,315.0
16,2020-09-28 21:56:55+0000,295,0.0,1.8000001,0.0,0.0,4.0
9,2020-09-27 12:23:55+0000,3274,2.5974026,0.09783779,9136.0,0.35836253,307.0
9,2020-09-27 12:04:55+0000,1112,1.8181818,0.12214486,761.0,1.4596869,69.0
